,random,lat,lon
0,634,12.889441,77.64022109999998
1,-187,12.889441,77.64022109999998
2,-160,12.889441,77.64022109999998
3,415,12.889441,77.64022109999998
4,880,12.894033,77.66236169999998
5,182,12.894033,77.66236169999998
6,-16,12.836067800000002,77.6672418
7,-218,12.836067800000002,77.6672418
8,615,12.836067800000002,77.6672418
9,-390,12.836067800000002,77.6672418
10,-234,13.085249000000001,77.65491540000001
11,227,13.085249000000001,77.65491540000001
12,308,13.085249000000001,77.65491540000001
13,-232,13.043223,77.74824140000001
14,643,13.043223,77.74824140000001
15,-351,13.043223,77.74824140000001
16,111,12.9387277,77.73112619999998
17,275,12.9387277,77.73112619999998
18,381,12.9387277,77.73112619999998
19,724,13.0708496,77.75127239999998
20,395,13.0708496,77.75127239999998
21,-429,13.0708496,77.75127239999998
22,62,12.8818045,77.4705858
23,-385,12.8818045,77.4705858
24,376,12.897526800000001,77.6772502
25,550,12.897526800000001,77.6772502
26,-474,12.7815368,77.78184870000001
27,884,12.7815368,77.78184870000001
28,196,12.7815368,77.78184870000001
29,-476,12.98979,77.72427950000001
30,787,12.98979,77.72427950000001
31,612,12.9022215,77.6699666
32,922,12.9022215,77.6699666
33,375,13.0425402,77.5194121
34,393,13.0425402,77.5194121
35,350,13.0425402,77.5194121
36,341,13.028788699999998,77.74967880000001
37,930,13.028788699999998,77.74967880000001
38,875,12.861359199999999,77.60688379999998
39,29,12.861359199999999,77.60688379999998
40,-97,13.0630984,77.66295629999998
41,-61,13.0630984,77.66295629999998
42,263,12.885663000000001,77.56377499999998
43,930,12.885663000000001,77.56377499999998
44,854,12.885663000000001,77.56377499999998
45,-252,12.885663000000001,77.56377499999998
46,247,12.9068814,77.671808
47,477,12.9068814,77.671808
48,616,12.9068814,77.671808
49,914,12.9068814,77.671808
50,-18,12.8783657,77.6708668
51,35,12.8783657,77.6708668
52,-237,12.8783657,77.6708668
53,-359,12.890590199999998,77.6681103
54,-192,12.890590199999998,77.6681103
55,106,12.890590199999998,77.6681103
56,174,12.890590199999998,77.6681103
57,496,12.890590199999998,77.6681103
58,916,12.890590199999998,77.6681103
59,236,12.8810058,77.63616139999998
60,801,12.8810058,77.63616139999998
61,-124,12.774187300000001,77.6961678
62,-169,12.774187300000001,77.6961678
63,-335,12.996010400000001,77.48484119999998
64,245,12.996010400000001,77.48484119999998
65,887,13.018456,77.703632
66,623,13.018456,77.703632
67,23,13.0810365,77.6343988
68,-334,13.060724,77.507677
69,644,13.060724,77.507677
70,517,13.0631903,77.66260249999998
71,666,13.0631903,77.66260249999998
72,602,12.9206595,77.4926622
73,-286,12.9206595,77.4926622
74,959,12.7748955,77.78302509999999
75,797,12.7748955,77.78302509999999
76,415,12.7748955,77.78302509999999
77,251,13.0259697,77.53295190000001
78,686,13.0259697,77.53295190000001
79,670,13.0097168,77.5540958
80,770,13.0097168,77.5540958
81,557,12.9969877,77.68995489999998
82,-402,12.9969877,77.68995489999998
83,423,12.9969877,77.68995489999998
84,245,12.9969877,77.68995489999998
85,375,13.045208500000001,77.6794603
86,572,13.045208500000001,77.6794603
87,-418,12.9024372,77.6313115
88,-170,12.9024372,77.6313115
89,-104,12.9024372,77.6313115
90,-57,13.0244407,77.7116346
91,716,13.0244407,77.7116346
92,-432,13.0244407,77.7116346
93,452,13.0244407,77.7116346
94,-91,13.024417199999998,77.76198749999998
95,639,13.024417199999998,77.76198749999998
96,-311,13.024417199999998,77.76198749999998
97,-459,13.012426300000001,77.73553369999998
98,559,13.012426300000001,77.73553369999998
99,820,13.012426300000001,77.73553369999998
100,105,13.012426300000001,77.73553369999998
101,254,13.012426300000001,77.73553369999998
102,-10,13.012426300000001,77.73553369999998
103,-19,13.012426300000001,77.73553369999998
104,-76,12.885328300000001,77.7047401
105,-334,12.885328300000001,77.7047401
106,-408,12.885328300000001,77.7047401
107,-131,12.885328300000001,77.7047401
108,79,12.889868,77.6488791
109,627,12.889868,77.6488791
110,-223,13.054713900000001,77.6465134
111,835,13.054713900000001,77.6465134
112,-126,13.054713900000001,77.6465134
113,531,13.053688300000001,77.6572283
114,-72,13.053688300000001,77.6572283
115,89,13.053688300000001,77.6572283
116,987,12.9218714,77.73736070000001
117,784,12.9218714,77.73736070000001
118,311,12.9218714,77.73736070000001
119,795,12.928889999999999,77.68163299999998
120,-460,12.8595081,77.574026
121,-183,12.8595081,77.574026
122,556,12.8620814,77.61374709999998
123,-315,12.8620814,77.61374709999998
124,301,12.8620814,77.61374709999998
125,888,12.8620814,77.61374709999998
126,-244,12.8620814,77.61374709999998
127,359,12.9391021,77.73766390000002
128,698,12.9391021,77.73766390000002
129,315,12.9391021,77.73766390000002
130,339,13.087922099999998,77.6554441
131,854,13.087922099999998,77.6554441
132,319,12.8404406,77.6435767
133,621,12.8404406,77.6435767
134,72,13.0827637,77.622828
135,775,13.0827637,77.622828
136,289,12.9124433,77.6517185
137,724,12.9124433,77.6517185
138,-387,12.9124433,77.6517185
139,251,13.0543825,77.61948389999998
140,554,13.0543825,77.61948389999998
141,268,12.9852446,77.6867056
142,743,12.9852446,77.6867056
143,81,13.1036043,77.62082740000001
144,731,13.1036043,77.62082740000001
145,388,13.1036043,77.62082740000001
146,479,12.9055155,77.6756456
147,898,12.9055155,77.6756456
148,105,12.9055155,77.6756456
149,-404,12.8348265,77.6910718
150,48,12.8348265,77.6910718
151,-495,12.8348265,77.6910718
152,167,13.0473654,77.62548389999998
153,-299,13.0473654,77.62548389999998
154,-493,13.0473654,77.62548389999998
155,994,13.0473654,77.62548389999998
156,279,12.904254,77.599514
157,296,12.904254,77.599514
158,531,13.046145,77.60162199999998
159,-395,13.046145,77.60162199999998
160,928,13.046145,77.60162199999998
161,781,13.046145,77.60162199999998
162,12,12.99911,77.7526073
163,751,12.99911,77.7526073
164,-243,12.890444800000001,77.538187
165,663,12.890444800000001,77.538187
166,-47,12.890444800000001,77.538187
167,371,12.975769900000001,77.69728029999999
168,718,12.975769900000001,77.69728029999999
169,405,12.975769900000001,77.69728029999999
170,-366,12.975769900000001,77.69728029999999
171,737,13.099928,77.6331637
172,875,13.099928,77.6331637
173,726,12.9643023,77.75750179999999
174,279,12.9643023,77.75750179999999
175,531,12.9643023,77.75750179999999
176,-246,12.9643023,77.75750179999999
177,502,12.9643023,77.75750179999999
178,56,12.9210342,77.6706402
179,-36,12.9210342,77.6706402
180,-69,12.9210342,77.6706402
181,225,12.9210342,77.6706402
182,-383,12.9210342,77.6706402
183,286,12.9210342,77.6706402
184,-311,13.0443079,77.74501289999998
185,-269,13.0443079,77.74501289999998
186,711,13.0443079,77.74501289999998
187,682,13.0443079,77.74501289999998
188,137,12.9312565,77.52901209999999
189,775,12.9312565,77.52901209999999
190,995,12.8622252,77.6605814
191,-342,12.8622252,77.6605814
192,-438,12.7379428,77.7343688
193,576,12.905450300000002,77.58304059999998
194,407,12.905450300000002,77.58304059999998
195,-399,12.9054239,77.69931940000001
196,-384,12.9054239,77.69931940000001
197,-277,12.9054239,77.69931940000001
198,-379,12.9054239,77.69931940000001
199,-265,12.887063099999999,77.45370779999998
200,-193,12.887063099999999,77.45370779999998
201,707,12.887063099999999,77.45370779999998
202,130,12.9312272,77.63458670000001
203,-262,12.9312272,77.63458670000001
204,102,12.9312272,77.63458670000001
205,505,12.9312272,77.63458670000001
206,-322,12.8807869,77.7875912
207,-307,12.8807869,77.7875912
208,655,12.8807869,77.7875912
209,588,12.8807869,77.7875912
210,-323,12.8825179,77.6905147
211,616,12.795757,77.650302
212,22,12.8917332,77.6816863
213,405,12.8917332,77.6816863
214,-439,12.8917332,77.6816863
215,926,12.8917332,77.6816863
216,-326,13.1023847,77.441715
217,4,13.1023847,77.441715
218,103,12.7851117,77.7770002
219,588,12.7851117,77.7770002
220,-422,12.7851117,77.7770002
221,742,13.081174,77.625001
222,12,12.8211271,77.660999
223,-217,12.8211271,77.660999
224,872,12.8211271,77.660999
225,371,12.8211271,77.660999
226,296,12.9307632,77.5217595
227,-248,12.9307632,77.5217595
228,122,12.9307632,77.5217595
229,708,12.9307632,77.5217595
230,812,12.8368015,77.6871048
231,629,12.8368015,77.6871048
232,569,12.8368015,77.6871048
233,-32,12.8368015,77.6871048
234,133,13.0655118,77.743832
235,-45,13.0655118,77.743832
236,-491,13.0655118,77.743832
237,863,12.8800875,77.69287159999998
238,791,12.8800875,77.69287159999998
239,671,12.8800875,77.69287159999998
240,96,12.8800875,77.69287159999998
241,-391,13.1479839,77.63899920000001
242,221,13.1479839,77.63899920000001
243,213,13.1479839,77.63899920000001
244,72,13.1479839,77.63899920000001
245,-181,12.7813035,77.76222829999999
246,281,12.7813035,77.76222829999999
247,125,12.7813035,77.76222829999999
248,665,12.7813035,77.76222829999999
249,88,12.978321099999999,77.73385139999998
250,-131,12.978321099999999,77.73385139999998
251,310,12.978321099999999,77.73385139999998
252,-164,12.978321099999999,77.73385139999998
253,23,12.978321099999999,77.73385139999998
254,100,13.0559515,77.59673199999999
255,-185,13.0559515,77.59673199999999
256,934,13.0107038,77.5536372
257,517,13.0107038,77.5536372
258,-45,13.0107038,77.5536372
259,448,13.0107038,77.5536372
260,104,13.0107038,77.5536372
261,843,13.0107038,77.5536372
262,-171,13.031804,77.661173
263,-258,13.031804,77.661173
264,113,13.031804,77.661173
265,-154,13.031804,77.661173
266,462,13.031804,77.661173
267,-251,13.031804,77.661173
268,237,13.031804,77.661173
269,-350,13.031804,77.661173
270,353,12.901324,77.70859449999998
271,476,12.901324,77.70859449999998
272,145,12.901324,77.70859449999998
273,-93,12.901324,77.70859449999998
274,-2,12.901324,77.70859449999998
275,989,12.8551283,77.5936002
276,749,12.8551283,77.5936002
277,830,12.934467699999999,77.7439053
278,546,12.934467699999999,77.7439053
279,-195,12.934467699999999,77.7439053
280,-255,12.934467699999999,77.7439053
281,877,12.934467699999999,77.7439053
282,-166,12.9846992,77.7761359
283,-408,12.9846992,77.7761359
284,546,13.1042593,77.77487239999998
285,-198,13.1042593,77.77487239999998
286,-399,12.8912793,77.5392322
287,245,13.0550595,77.68302259999999
288,629,13.0550595,77.68302259999999
289,-108,13.0550595,77.68302259999999
290,818,13.052728,77.59730499999998
291,226,13.052728,77.59730499999998
292,-122,13.052728,77.59730499999998
293,915,13.087228999999999,77.596148
294,344,13.087228999999999,77.596148
295,-108,13.099618099999999,77.81143430000002
296,370,13.099618099999999,77.81143430000002
297,637,12.978993199999998,77.7113528
298,-443,12.978993199999998,77.7113528
299,619,12.978993199999998,77.7113528
300,-320,12.833718199999998,77.70144359999998
301,-328,12.833718199999998,77.70144359999998
302,59,12.833718199999998,77.70144359999998
303,885,12.977698199999999,77.5647402
304,-428,12.977698199999999,77.5647402
305,645,12.977698199999999,77.5647402
306,223,13.073371,77.80411389999998
307,-146,13.073371,77.80411389999998
308,742,13.073371,77.80411389999998
309,-216,13.137711600000001,77.5693818
310,642,13.137711600000001,77.5693818
311,250,13.137711600000001,77.5693818
312,885,12.8740261,77.6100293
313,-485,12.8740261,77.6100293
314,946,12.8740261,77.6100293
315,534,12.8740261,77.6100293
316,531,13.1395085,77.57063950000001
317,695,13.1395085,77.57063950000001
318,440,13.1395085,77.57063950000001
319,599,13.1395085,77.57063950000001
320,811,13.1395085,77.57063950000001
321,-473,12.7715636,77.7018348
322,868,12.7715636,77.7018348
323,671,12.7715636,77.7018348
324,149,12.864203300000002,77.53674000000001
325,262,12.864203300000002,77.53674000000001
326,295,13.0654977,77.65153649999998
327,943,13.0654977,77.65153649999998
328,-2,13.0654977,77.65153649999998
329,-467,13.0654977,77.65153649999998
330,-403,13.013394,77.735935
331,-382,13.013394,77.735935
332,776,13.013394,77.735935
333,-145,12.9621546,77.7461421
334,-299,12.9621546,77.7461421
335,78,12.9621546,77.7461421
336,391,12.9621546,77.7461421
337,-111,12.9621546,77.7461421
338,302,12.9046539,77.6984995
339,830,12.9046539,77.6984995
340,-470,12.9046539,77.6984995
341,929,12.9046539,77.6984995
342,377,12.9046539,77.6984995
343,-333,12.9046539,77.6984995
344,222,12.9403192,77.5252055
345,-487,12.9403192,77.5252055
346,-418,12.9403192,77.5252055
347,675,12.895313999999999,77.53021439999998
348,261,12.895313999999999,77.53021439999998
349,-15,12.895313999999999,77.53021439999998
350,697,12.9058075,77.57230240000001
351,-266,12.9058075,77.57230240000001
352,401,12.9058075,77.57230240000001
353,841,12.9058075,77.57230240000001
354,168,12.9058075,77.57230240000001
355,570,12.9058075,77.57230240000001
356,157,12.9058075,77.57230240000001
357,-70,12.870642,77.5860474
358,811,12.870642,77.5860474
359,-488,12.853967599999999,77.54460170000002
360,968,12.853967599999999,77.54460170000002
361,-28,13.0606229,77.62227829999998
362,-230,13.0606229,77.62227829999998
363,895,12.900891,77.6193205
364,444,12.900891,77.6193205
365,-72,12.975463900000001,77.7639204
366,114,13.0708496,77.75127239999998
367,-478,13.0708496,77.75127239999998
368,871,13.0708496,77.75127239999998
369,401,12.8594994,77.765354
370,-462,12.8594994,77.765354
371,996,12.884798599999998,77.6675021
372,158,12.884798599999998,77.6675021
373,683,12.884798599999998,77.6675021
374,706,12.8377608,77.6764512
375,-183,12.8377608,77.6764512
376,-383,13.0781,77.6373728
377,49,13.0781,77.6373728
378,667,13.0781,77.6373728
379,556,13.0781,77.6373728
380,569,12.9208104,77.5367614
381,-136,12.9208104,77.5367614
382,585,12.9208104,77.5367614
383,-55,12.9208104,77.5367614
384,6,12.8816933,77.47161009999998
385,635,12.8816933,77.47161009999998
386,461,12.975819300000001,77.5570922
387,168,12.975819300000001,77.5570922
388,841,12.8146987,77.67012369999998
389,32,12.8146987,77.67012369999998
390,-441,12.8146987,77.67012369999998
391,268,13.009542699999999,77.7301136
392,-182,13.009542699999999,77.7301136
393,-29,13.009542699999999,77.7301136
394,23,13.009542699999999,77.7301136
395,-27,13.031139699999999,77.6579922
396,-450,13.031139699999999,77.6579922
397,-144,13.031139699999999,77.6579922
398,-353,12.9218502,77.4926026
399,-34,12.9218502,77.4926026
400,31,13.000097199999999,77.75149520000001
401,485,13.000097199999999,77.75149520000001
402,482,13.000097199999999,77.75149520000001
403,79,12.9694606,77.7414335
404,-444,12.9694606,77.7414335
405,-373,12.8753163,77.4501207
406,323,12.8753163,77.4501207
407,143,12.8869436,77.55137359999998
408,739,12.8869436,77.55137359999998
409,275,12.896285800000001,77.702125
410,-174,12.896285800000001,77.702125
411,-3,12.896285800000001,77.702125
412,74,12.8672756,77.64419319999998
413,793,12.8672756,77.64419319999998
414,414,12.8672756,77.64419319999998
415,-70,12.8672756,77.64419319999998
416,836,12.8356242,77.7668846
417,686,12.8356242,77.7668846
418,434,12.8356242,77.7668846
419,782,12.7579595,77.61433120000001
420,-263,12.7579595,77.61433120000001
421,45,12.7579595,77.61433120000001
422,-312,13.0412129,77.60939789999998
423,728,13.097949,77.644494
424,-267,13.097949,77.644494
425,454,13.097949,77.644494
426,275,13.097949,77.644494
427,-266,12.9954655,77.69483220000001
428,-97,12.9954655,77.69483220000001
429,803,12.988665600000001,77.71185009999998
430,634,12.988665600000001,77.71185009999998
431,701,12.988665600000001,77.71185009999998
432,-37,12.988665600000001,77.71185009999998
433,846,12.988665600000001,77.71185009999998
434,799,12.988665600000001,77.71185009999998
435,249,12.988665600000001,77.71185009999998
436,741,12.988665600000001,77.71185009999998
437,-336,12.988665600000001,77.71185009999998
438,218,12.988665600000001,77.71185009999998
439,-460,12.988665600000001,77.71185009999998
440,-491,12.988665600000001,77.71185009999998
441,598,13.1500949,77.61794379999998
442,-50,13.1500949,77.61794379999998
443,-6,13.1500949,77.61794379999998
444,893,13.102497900000001,77.61716299999998
445,-142,13.102497900000001,77.61716299999998
446,617,13.102497900000001,77.61716299999998
447,-398,12.814125599999999,77.50819419999998
448,538,12.814125599999999,77.50819419999998
449,425,12.814125599999999,77.50819419999998
450,443,12.814125599999999,77.50819419999998
451,245,13.1041866,77.5473949
452,-385,13.1041866,77.5473949
453,849,13.1041866,77.5473949
454,20,13.1041866,77.5473949
455,14,12.930827,77.53819899999998
456,-334,12.930827,77.53819899999998
457,668,12.861704699999999,77.6832261
458,267,12.861704699999999,77.6832261
459,274,12.861704699999999,77.6832261
460,756,12.861704699999999,77.6832261
461,841,13.027457400000001,77.6900306
462,-405,13.027457400000001,77.6900306
463,260,13.027457400000001,77.6900306
464,29,13.027457400000001,77.6900306
465,-170,13.018754199999998,77.63059489999998
466,310,13.018754199999998,77.63059489999998
467,613,13.018754199999998,77.63059489999998
468,601,12.8178837,77.67089539999998
469,543,12.8178837,77.67089539999998
470,756,12.8178837,77.67089539999998
471,477,12.8178837,77.67089539999998
472,667,12.8178837,77.67089539999998
473,-495,12.8178837,77.67089539999998
474,-253,12.9941357,77.6892331
475,846,12.9941357,77.6892331
476,700,12.886239999999999,77.59768100000001
477,-471,12.886239999999999,77.59768100000001
478,297,13.0415694,77.6487652
479,-265,13.0415694,77.6487652
480,-353,13.0415694,77.6487652
481,-297,13.0415694,77.6487652
482,522,13.0200021,77.5518105
483,172,13.0200021,77.5518105
484,195,13.0958355,77.6011008
485,556,13.2417155,77.71373059999998
486,-188,13.2417155,77.71373059999998
487,139,13.2417155,77.71373059999998
488,953,13.029478999999998,77.54509200000001
489,-221,13.029478999999998,77.54509200000001
490,319,13.029478999999998,77.54509200000001
491,-64,13.085357,77.644525
492,865,13.085357,77.644525
493,122,12.9240559,77.66866499999998
494,-17,12.9240559,77.66866499999998
495,-65,12.9240559,77.66866499999998
496,-460,12.9240559,77.66866499999998
497,-500,12.885729,77.537075
498,-53,12.885729,77.537075
499,680,12.885729,77.537075
500,398,12.885729,77.537075
501,-359,12.885729,77.537075
502,906,12.873559599999998,77.56383249999998
503,583,12.873559599999998,77.56383249999998
504,-388,12.873559599999998,77.56383249999998
505,736,12.873559599999998,77.56383249999998
506,-399,12.873559599999998,77.56383249999998
507,431,12.873559599999998,77.56383249999998
508,-106,12.873559599999998,77.56383249999998
509,-136,12.873559599999998,77.56383249999998
510,-127,12.9481617,77.68094119999998
511,-410,12.9481617,77.68094119999998
512,653,13.049966900000001,77.5933108
513,234,13.049966900000001,77.5933108
514,-108,13.049966900000001,77.5933108
515,207,13.049966900000001,77.5933108
516,-346,13.061688199999999,77.5950079
517,884,13.061688199999999,77.5950079
518,208,13.061688199999999,77.5950079
519,202,13.061688199999999,77.5950079
520,-163,13.061688199999999,77.5950079
521,476,13.061688199999999,77.5950079
522,277,13.061688199999999,77.5950079
523,80,13.061688199999999,77.5950079
524,-342,12.933915800000001,77.6019266
525,-250,12.933915800000001,77.6019266
526,-453,13.082285,77.654127
527,-253,13.082285,77.654127
528,-208,13.082285,77.654127
529,475,13.066313800000001,77.6507041
530,-108,13.066313800000001,77.6507041
531,-1,13.066313800000001,77.6507041
532,263,13.066313800000001,77.6507041
533,496,13.066313800000001,77.6507041
534,66,13.066313800000001,77.6507041
535,963,12.906937,77.69994200000001
536,-456,12.906937,77.69994200000001
537,313,12.906937,77.69994200000001
538,906,12.8904203,77.51483370000001
539,658,12.8904203,77.51483370000001
540,775,12.8904203,77.51483370000001
541,-178,12.865656199999998,77.69006399999998
542,70,13.102545,77.623708
543,196,13.102545,77.623708
544,837,13.102545,77.623708
545,-267,12.884884300000001,77.6819939
546,724,12.884884300000001,77.6819939
547,687,12.833466,77.669921
548,-303,12.833466,77.669921
549,77,12.833466,77.669921
550,931,12.833466,77.669921
551,-426,12.833466,77.669921
552,609,12.833466,77.669921
553,-9,12.833466,77.669921
554,991,13.157395300000001,77.6016927
555,-270,13.157395300000001,77.6016927
556,-153,12.8640688,77.6979503
557,553,12.8640688,77.6979503
558,543,12.8554461,77.80967700000001
559,-9,12.8554461,77.80967700000001
560,861,12.8554461,77.80967700000001
561,28,12.7924016,77.7792542
562,-431,12.7924016,77.7792542
563,-80,12.7924016,77.7792542
564,-265,12.7924016,77.7792542
565,-459,12.9060634,77.5403467
566,750,12.9060634,77.5403467
567,745,12.8759951,77.6421833
568,619,12.8759951,77.6421833
569,595,12.8842757,77.62795570000002
570,800,12.8842757,77.62795570000002
571,361,12.8842757,77.62795570000002
572,-350,12.8842757,77.62795570000002
573,-449,12.895691699999999,77.67757540000001
574,451,12.9266782,77.6990608
575,768,12.9266782,77.6990608
576,-418,12.884808,77.685152
577,442,12.884808,77.685152
578,954,12.8935672,77.6938473
579,381,12.8935672,77.6938473
580,478,12.8935672,77.6938473
581,107,12.8220091,77.6563314
582,-230,12.8220091,77.6563314
583,275,12.8220091,77.6563314
584,104,12.8750421,77.54395509999998
585,340,12.8750421,77.54395509999998
586,154,12.8810346,77.76020390000001
587,637,12.8810346,77.76020390000001
588,824,12.838152599999999,77.8432415
589,856,12.838152599999999,77.8432415
590,-332,12.888817199999998,77.7683326
591,844,12.888817199999998,77.7683326
592,-47,12.888817199999998,77.7683326
593,604,12.888817199999998,77.7683326
594,132,12.986339599999999,77.6670031
595,225,12.966526400000001,77.6139089
596,-414,12.966526400000001,77.6139089
597,371,12.966526400000001,77.6139089
598,-1,12.887063099999999,77.45370779999998
599,721,12.887063099999999,77.45370779999998
600,565,12.887063099999999,77.45370779999998
601,45,12.887063099999999,77.45370779999998
602,185,13.00245,77.708823
603,-387,12.9024372,77.6313115
604,895,12.9024372,77.6313115
605,318,12.9024372,77.6313115
606,959,12.9174004,77.71685059999999
607,733,12.9174004,77.71685059999999
608,467,12.9174004,77.71685059999999
609,130,12.9174004,77.71685059999999
610,26,12.8681733,77.6951194
611,875,12.8681733,77.6951194
612,704,12.8638771,77.54329759999999
613,-191,12.8638771,77.54329759999999
614,768,12.8638771,77.54329759999999
615,126,12.8968323,77.54116719999998
616,-164,12.8968323,77.54116719999998
617,834,12.8968323,77.54116719999998
618,529,12.8968323,77.54116719999998
619,601,12.8968323,77.54116719999998
620,514,12.8968323,77.54116719999998
621,249,12.9105194,77.68256059999999
622,47,12.9105194,77.68256059999999
623,636,12.9105194,77.68256059999999
624,964,12.9105194,77.68256059999999
625,612,12.9105194,77.68256059999999
626,63,12.8318138,77.79813899999998
627,-409,12.8318138,77.79813899999998
628,897,12.9899643,77.78185359999998
629,195,12.9899643,77.78185359999998
630,87,12.9899643,77.78185359999998
631,286,12.915558,77.592652
632,-413,12.915558,77.592652
633,821,12.915558,77.592652
634,19,12.915558,77.592652
635,439,13.185770800000002,77.66031029999998
636,-451,13.185770800000002,77.66031029999998
637,-242,13.185770800000002,77.66031029999998
638,-19,13.185770800000002,77.66031029999998
639,-367,13.083072999999999,77.6543973
640,799,13.083072999999999,77.6543973
641,269,13.083072999999999,77.6543973
642,635,13.083072999999999,77.6543973
643,211,13.083072999999999,77.6543973
644,-397,13.083072999999999,77.6543973
645,764,13.083072999999999,77.6543973
646,-460,13.083072999999999,77.6543973
647,269,13.083072999999999,77.6543973
648,746,13.083072999999999,77.6543973
649,451,13.083072999999999,77.6543973
650,897,13.083072999999999,77.6543973
651,437,13.083072999999999,77.6543973
652,-109,13.083072999999999,77.6543973
653,-94,12.9943081,77.70449769999998
654,-39,13.0609295,77.6417051
655,610,13.0609295,77.6417051
656,374,12.8505636,77.6019434
657,-172,12.8505636,77.6019434
658,380,12.9418086,77.7023823
659,648,12.9418086,77.7023823
660,473,12.9418086,77.7023823
661,460,12.8677967,77.6978713
662,-182,12.8677967,77.6978713
663,-148,13.230003,77.72362079999998
664,867,13.230003,77.72362079999998
665,-92,13.230003,77.72362079999998
666,442,12.8294758,77.6661048
667,-376,12.8294758,77.6661048
668,-163,12.8294758,77.6661048
669,258,12.8294758,77.6661048
670,18,13.065898599999999,77.62399860000002
671,934,13.0443079,77.74501289999998
672,-474,13.0443079,77.74501289999998
673,454,13.0443079,77.74501289999998
674,452,13.0443079,77.74501289999998
675,783,13.0443079,77.74501289999998
676,973,13.054287599999999,77.48404239999998
677,318,13.054287599999999,77.48404239999998
678,-275,13.054287599999999,77.48404239999998
679,255,13.054287599999999,77.48404239999998
680,336,13.054287599999999,77.48404239999998
681,-218,13.054287599999999,77.48404239999998
682,357,13.054287599999999,77.48404239999998
683,682,13.054287599999999,77.48404239999998
684,147,12.8921796,77.67382889999998
685,991,12.8921796,77.67382889999998
686,800,12.8921796,77.67382889999998
687,30,12.8921796,77.67382889999998
688,683,12.8921796,77.67382889999998
689,656,12.927810000000001,77.632888
690,613,12.9582656,77.74662649999998
691,790,12.9582656,77.74662649999998
692,-483,12.9582656,77.74662649999998
693,326,12.9582656,77.74662649999998
694,-184,12.867992999999998,77.6612248
695,-495,12.867992999999998,77.6612248
696,463,13.1480106,77.64160230000002
697,606,13.1480106,77.64160230000002
698,968,13.1480106,77.64160230000002
699,664,13.1480106,77.64160230000002
700,897,13.1480106,77.64160230000002
701,927,13.1480106,77.64160230000002
702,-369,13.1480106,77.64160230000002
703,730,12.912881599999999,77.4958233
704,656,12.912881599999999,77.4958233
705,-402,12.981309800000002,77.70957170000001
706,525,12.981309800000002,77.70957170000001
707,-336,12.8288136,77.6511943
708,-77,12.8288136,77.6511943
709,449,12.8288136,77.6511943
710,552,12.8288136,77.6511943
711,-381,12.8288136,77.6511943
712,301,13.085357,77.644525
713,-444,13.0289204,77.70797270000001
714,562,13.0289204,77.70797270000001
715,198,13.0735045,77.6511247
716,-310,13.0735045,77.6511247
717,197,12.9666845,77.59954599999998
718,922,12.9666845,77.59954599999998
719,65,13.073064500000001,77.64373189999998
720,794,13.073064500000001,77.64373189999998
721,922,12.787142999999999,77.77711099999998
722,-376,12.787142999999999,77.77711099999998
723,836,12.787142999999999,77.77711099999998
724,491,12.787142999999999,77.77711099999998
725,348,12.787142999999999,77.77711099999998
726,667,12.787142999999999,77.77711099999998
727,835,12.787142999999999,77.77711099999998
728,473,13.2032646,77.66359809999999
729,662,13.2032646,77.66359809999999
730,64,12.8687962,77.62582320000001
731,-204,12.8687962,77.62582320000001
732,452,12.8687962,77.62582320000001
733,536,12.8687962,77.62582320000001
734,-479,12.90952,77.724401
735,-32,12.90952,77.724401
736,440,12.8636392,77.5406447
737,741,12.8636392,77.5406447
738,85,12.8636392,77.5406447
739,608,12.8636392,77.5406447
740,-283,12.9320964,77.51022449999998
741,-393,12.9320964,77.51022449999998
742,697,12.9320964,77.51022449999998
743,-450,13.018301300000001,77.7252647
744,801,13.018301300000001,77.7252647
745,581,12.949297099999999,77.7166496
746,496,12.949297099999999,77.7166496
747,481,12.949297099999999,77.7166496
748,-251,13.0375925,77.7082434
749,-343,13.0375925,77.7082434
750,905,13.0375925,77.7082434
751,533,12.975477099999999,77.70384890000001
752,148,12.975477099999999,77.70384890000001
753,998,12.975477099999999,77.70384890000001
754,-446,12.975477099999999,77.70384890000001
755,-93,12.856176699999999,77.5418038
756,-345,12.856176699999999,77.5418038
757,222,13.1241534,77.56722420000001
758,23,13.1241534,77.56722420000001
759,980,13.1241534,77.56722420000001
760,554,12.849516,77.669984
761,625,12.849516,77.669984
762,-160,12.849516,77.669984
763,-156,12.849516,77.669984
764,-241,12.934066,77.74157699999998
765,12,12.934066,77.74157699999998
766,39,12.934066,77.74157699999998
767,563,12.934066,77.74157699999998
768,-190,12.934066,77.74157699999998
769,26,12.934066,77.74157699999998
770,398,12.934066,77.74157699999998
771,314,13.0887141,77.65941679999999
772,610,13.0887141,77.65941679999999
773,594,13.0887141,77.65941679999999
774,510,13.0887141,77.65941679999999
775,111,13.0887141,77.65941679999999
776,835,12.90064,77.711096
777,-274,12.90064,77.711096
778,365,12.90064,77.711096
779,906,13.0530787,77.57434509999999
780,808,13.0530787,77.57434509999999
781,341,13.0530787,77.57434509999999
782,83,12.930657400000001,77.6864719
783,982,12.930657400000001,77.6864719
784,664,12.930657400000001,77.6864719
785,417,12.930657400000001,77.6864719
786,136,12.930657400000001,77.6864719
787,429,12.930657400000001,77.6864719
788,28,12.8192308,77.66407
789,934,12.8192308,77.66407
790,-462,12.834025,77.7865073
791,-316,12.834025,77.7865073
792,-405,12.834025,77.7865073
793,917,12.834025,77.7865073
794,-109,13.0371494,77.7517183
795,-483,13.0371494,77.7517183
796,-189,12.865457800000001,77.69766429999999
797,954,12.865457800000001,77.69766429999999
798,478,12.865457800000001,77.69766429999999
799,463,12.865457800000001,77.69766429999999
800,316,12.865457800000001,77.69766429999999
801,351,12.865457800000001,77.69766429999999
802,612,12.865457800000001,77.69766429999999
803,765,12.865457800000001,77.69766429999999
804,-368,12.865457800000001,77.69766429999999
805,156,12.865457800000001,77.69766429999999
806,950,12.865457800000001,77.69766429999999
807,715,12.865457800000001,77.69766429999999
808,94,12.865457800000001,77.69766429999999
809,976,12.865457800000001,77.69766429999999
810,-419,13.1003515,77.6320051
811,854,13.1003515,77.6320051
812,579,13.1003515,77.6320051
813,539,13.1003515,77.6320051
814,256,13.1003515,77.6320051
815,275,13.1003515,77.6320051
816,-498,13.1003515,77.6320051
817,-281,13.1003515,77.6320051
818,50,13.1003515,77.6320051
819,-113,12.9085662,77.64465770000001
820,979,12.9085662,77.64465770000001
821,414,12.9085662,77.64465770000001
822,420,13.083276300000001,77.6423729
823,176,13.083276300000001,77.6423729
824,885,13.083276300000001,77.6423729
825,531,12.8754555,77.60324840000001
826,-241,12.8754555,77.60324840000001
827,-249,12.8919021,77.6376131
828,-222,12.8919021,77.6376131
829,192,12.8919021,77.6376131
830,872,12.9715987,77.5945627
831,759,12.9715987,77.5945627
832,609,12.9715987,77.5945627
833,238,12.9715987,77.5945627
834,935,13.024417199999998,77.76198749999998
835,392,13.0166354,77.7281167
836,313,13.0166354,77.7281167
837,-387,13.0166354,77.7281167
838,-337,13.0166354,77.7281167
839,896,13.0166354,77.7281167
840,-72,13.0166354,77.7281167
841,289,13.0861508,77.62403549999998
842,-74,13.0861508,77.62403549999998
843,509,13.0861508,77.62403549999998
844,484,12.9262427,77.6405757
845,139,12.9262427,77.6405757
846,289,12.9303537,77.7302936
847,878,12.9303537,77.7302936
848,-268,12.9303537,77.7302936
849,-220,13.064828,77.50517579999999
850,205,13.064828,77.50517579999999
851,943,13.064828,77.50517579999999
852,-41,12.895691699999999,77.67757540000001
853,511,12.895691699999999,77.67757540000001
854,-79,12.895691699999999,77.67757540000001
855,698,12.8525569,77.78253259999998
856,641,12.8525569,77.78253259999998
857,-464,12.8525569,77.78253259999998
858,-173,13.146144699999999,77.63761190000001
859,696,13.146144699999999,77.63761190000001
860,238,13.063918300000001,77.73973289999998
861,594,13.063918300000001,77.73973289999998
862,671,13.063918300000001,77.73973289999998
863,99,13.063918300000001,77.73973289999998
864,922,13.063918300000001,77.73973289999998
865,273,13.119653,77.802262
866,690,13.119653,77.802262
867,-481,12.878639,77.67201399999998
868,983,12.878639,77.67201399999998
869,252,12.8636392,77.5406447
870,188,12.8636392,77.5406447
871,101,12.7425352,77.66835090000001
872,-161,12.7425352,77.66835090000001
873,518,12.7425352,77.66835090000001
874,-228,13.0892362,77.6014
875,-130,13.0892362,77.6014
876,450,13.0892362,77.6014
877,727,12.895445599999999,77.5884526
878,695,12.895445599999999,77.5884526
879,573,12.895445599999999,77.5884526
880,-494,12.895445599999999,77.5884526
881,570,12.8340825,77.6950016
882,-13,12.8340825,77.6950016
883,-188,12.8340825,77.6950016
884,853,12.8340825,77.6950016
885,20,12.9026133,77.7018458
886,519,12.9026133,77.7018458
887,-354,12.9026133,77.7018458
888,-494,12.8361701,77.6966127
889,739,12.8361701,77.6966127
890,232,12.8361701,77.6966127
891,615,12.829795800000001,77.6660848
892,-14,12.829795800000001,77.6660848
893,-198,12.863445599999999,77.53214299999998
894,101,12.863445599999999,77.53214299999998
895,691,12.863445599999999,77.53214299999998
896,669,12.9170738,77.6722151
897,-134,12.9170738,77.6722151
898,239,12.879664,77.55231669999998
899,615,12.879664,77.55231669999998
900,524,12.879664,77.55231669999998
901,458,13.280901,77.7262083
902,-258,13.232057500000002,77.74023290000001
903,-433,13.077150999999999,77.6382007
904,-385,13.077150999999999,77.6382007
905,43,13.077150999999999,77.6382007
906,447,12.9957229,77.6079918
907,117,12.9715987,77.5945627
908,529,12.9715987,77.5945627
909,92,12.9715987,77.5945627
910,272,12.832357,77.7028035
911,880,12.832357,77.7028035
912,-78,12.863478599999999,77.526696
913,840,12.863478599999999,77.526696
914,18,12.863478599999999,77.526696
915,816,13.1097661,77.5587431
916,-418,13.1097661,77.5587431
917,-79,12.9886925,77.59411120000001
918,635,12.9886925,77.59411120000001
919,-311,12.938240400000002,77.68714720000001
920,615,12.938240400000002,77.68714720000001
921,721,12.8917718,77.565457
922,827,13.046884599999998,77.75236140000001
923,459,13.046884599999998,77.75236140000001
924,429,12.9066586,77.6795801
925,478,12.8657356,77.8052447
926,129,12.8657356,77.8052447
927,997,12.9144324,77.70218369999998
928,-33,12.9144324,77.70218369999998
929,-356,12.9144324,77.70218369999998
930,900,12.9144324,77.70218369999998
931,-122,12.9144324,77.70218369999998
932,797,12.963659,77.61464869999998
933,351,13.011667999999998,77.6712713
934,19,13.011667999999998,77.6712713
935,261,13.094024000000001,77.60910609999998
936,748,13.094024000000001,77.60910609999998
937,-272,13.094024000000001,77.60910609999998
938,725,13.0760867,77.6364212
939,-267,13.0760867,77.6364212
940,-74,13.0760867,77.6364212
941,733,12.9136256,77.6382753
942,841,12.9136256,77.6382753
943,-274,12.7595383,77.70263489999998
944,328,12.7595383,77.70263489999998
945,-112,12.933485699999999,77.74851290000001
946,188,12.933485699999999,77.74851290000001
947,-177,12.933485699999999,77.74851290000001
948,982,12.933485699999999,77.74851290000001
949,88,12.903687,77.71700890000001
950,-331,12.903687,77.71700890000001
951,182,12.9640102,77.7499354
952,183,12.9640102,77.7499354
953,677,12.832239,77.65957979999999
954,-62,12.832239,77.65957979999999
955,-116,13.077689300000001,77.53857159999998
956,-335,13.077689300000001,77.53857159999998
957,-279,13.077689300000001,77.53857159999998
958,-132,12.8236447,77.65299089999998
959,-126,12.8236447,77.65299089999998
960,-135,12.978993199999998,77.7113528
961,642,12.9095176,77.68542
962,360,12.9095176,77.68542
963,550,12.9095176,77.68542
964,319,12.862354199999999,77.52866829999998
965,225,12.862354199999999,77.52866829999998
966,-348,12.902560300000001,77.6247599
967,-277,12.902560300000001,77.6247599
968,842,13.266194899999999,77.73880279999999
969,-451,13.266194899999999,77.73880279999999
970,-279,13.266194899999999,77.73880279999999
971,-324,13.266194899999999,77.73880279999999
972,950,13.0862364,77.63267540000001
973,341,13.0862364,77.63267540000001
974,493,13.0862364,77.63267540000001
975,134,12.9752279,77.7452412
976,570,12.9752279,77.7452412
977,-380,12.9478889,77.5353712
978,659,12.9478889,77.5353712
979,902,12.9478889,77.5353712
980,274,12.9751074,77.7527258
981,303,12.9751074,77.7527258
982,-116,12.9751074,77.7527258
983,-19,12.8011407,77.6796032
984,-375,12.8011407,77.6796032
985,-394,12.9401171,77.7336308
986,844,12.9401171,77.7336308
987,395,12.9401171,77.7336308
988,-126,12.9401171,77.7336308
989,109,12.9401171,77.7336308
990,145,12.9401171,77.7336308
991,-221,12.8780046,77.54853229999998
992,424,12.8780046,77.54853229999998
993,-427,12.910352900000001,77.6846989
994,993,12.9745516,77.76798330000003
995,-314,12.9745516,77.76798330000003
996,873,13.130345000000002,77.8254697
997,435,13.130345000000002,77.8254697
998,-213,13.130345000000002,77.8254697
999,589,13.0073616,77.7506585
