,app_temp,clouds,clouds_hi,clouds_low,clouds_mid,datetime,dewpt,dhi,dni,ghi,ozone,pod,pop,precip,pres,rh,slp,snow,snow_depth,solar_rad,temp,timestamp_local,timestamp_utc,ts,uv,vis,weather.code,weather.description,weather.icon,wind_cdir,wind_cdir_full,wind_dir,wind_gust_spd,wind_spd,city,lon,lat,place,weather_code,season,season_code,dayofweek,workingday,holiday,year,month,day,hour
0,28.7,100,100,65,0,2019-07-19 09:00:00,19.9,115.01,905.37,886.16,263.072,d,70,2.125,903.775,64,1002.02,0,0,221.54,27.3,2019-07-19 14:30:00,2019-07-19T09:00:00,1563526800,2.61114,10.3523,520,Light shower rain,r04d,W,west,278,5.00278,4.14287,Bengaluru,77.67,12.93,Bellandur,3,Monsoon,3,4,0,0,2019,7,14,14
1,28.5,100,100,55,5,2019-07-19 10:00:00,19.9,105.5,858.57,709.94,262.601,d,65,1.9375,903.062,65,1001.25,0,0,177.485,27.1,2019-07-19 15:30:00,2019-07-19T10:00:00,1563530400,1.82647,8.84719,520,Light shower rain,r04d,W,west,275,4.70037,3.902,Bengaluru,77.67,12.93,Bellandur,3,Monsoon,3,4,0,0,2019,7,15,15
2,26.7,100,100,47,12,2019-07-19 11:00:00,20.0,90.9,777.19,489.14,261.619,d,70,2.25,902.832,69,1001.06,0,0,122.285,26.3,2019-07-19 16:30:00,2019-07-19T11:00:00,1563534000,1.16783,4.81069,520,Light shower rain,r04d,W,west,261,5.42028,4.33264,Bengaluru,77.67,12.93,Bellandur,3,Monsoon,3,4,0,0,2019,7,16,16
3,25.9,100,100,40,21,2019-07-19 12:00:00,20.3,68.44,624.4,248.14,261.582,d,70,2.375,903.484,73,1001.97,0,0,62.035,25.4,2019-07-19 17:30:00,2019-07-19T12:00:00,1563537600,0.797034,4.97087,520,Light shower rain,r04d,WSW,west-southwest,243,6.30291,4.58994,Bengaluru,77.67,12.93,Bellandur,3,Monsoon,3,4,0,0,2019,7,17,17
4,25.1,100,100,4,90,2019-07-19 13:00:00,20.4,26.78,221.91,31.66,263.298,d,70,2.5625,904.015,77,1002.77,0,0,7.915,24.6,2019-07-19 18:30:00,2019-07-19T13:00:00,1563541200,0.699871,4.75703,201,Thunderstorm with rain,t02d,WSW,west-southwest,242,8.2002,5.03883,Bengaluru,77.67,12.93,Bellandur,4,Monsoon,3,4,0,0,2019,7,18,18
5,24.0,100,100,32,95,2019-07-19 14:00:00,20.4,0.0,0.0,0.0,263.782,n,75,2.8125,904.972,83,1003.63,0,0,0.0,23.4,2019-07-19 19:30:00,2019-07-19T14:00:00,1563544800,0.0,4.31827,201,Thunderstorm with rain,t02n,WSW,west-southwest,238,10.5025,7.10647,Bengaluru,77.67,12.93,Bellandur,4,Monsoon,3,4,0,0,2019,7,19,19
6,23.1,100,100,54,97,2019-07-19 15:00:00,20.1,0.0,0.0,0.0,263.408,n,65,1.6875,905.348,86,1004.18,0,0,0.0,22.6,2019-07-19 20:30:00,2019-07-19T15:00:00,1563548400,0.0,11.7086,201,Thunderstorm with rain,t02n,WSW,west-southwest,239,11.5109,7.67503,Bengaluru,77.67,12.93,Bellandur,4,Monsoon,3,4,0,0,2019,7,20,20
7,22.1,100,100,58,97,2019-07-19 16:00:00,19.4,0.0,0.0,0.0,263.404,n,60,1.375,905.96,87,1004.68,0,0,0.0,21.6,2019-07-19 21:30:00,2019-07-19T16:00:00,1563552000,0.0,8.34674,201,Thunderstorm with rain,t02n,WSW,west-southwest,242,13.2315,8.46594,Bengaluru,77.67,12.93,Bellandur,4,Monsoon,3,4,0,0,2019,7,21,21
8,22.3,100,100,57,98,2019-07-19 17:00:00,18.7,0.0,0.0,0.0,264.138,n,35,0.5,905.918,82,1005.15,0,0,0.0,21.9,2019-07-19 22:30:00,2019-07-19T17:00:00,1563555600,0.0,24.1348,804,Overcast clouds,c04n,WSW,west-southwest,246,15.9206,8.65091,Bengaluru,77.67,12.93,Bellandur,1,Monsoon,3,4,0,0,2019,7,22,22
9,22.6,100,100,49,97,2019-07-19 18:00:00,18.8,0.0,0.0,0.0,264.121,n,0,0.0,906.4,81,1005.72,0,0,0.0,22.2,2019-07-19 23:30:00,2019-07-19T18:00:00,1563559200,0.0,24.135,804,Overcast clouds,c04n,WSW,west-southwest,248,15.4364,8.81054,Bengaluru,77.67,12.93,Bellandur,1,Monsoon,3,4,0,0,2019,7,23,23
10,22.4,100,100,11,100,2019-07-19 19:00:00,18.6,0.0,0.0,0.0,265.694,n,0,0.0,906.142,81,1005.73,0,0,0.0,22.1,2019-07-20 00:30:00,2019-07-19T19:00:00,1563562800,0.0,24.1349,804,Overcast clouds,c04n,WSW,west-southwest,254,14.7159,9.26404,Bengaluru,77.67,12.93,Bellandur,1,Monsoon,3,5,1,0,2019,7,0,0
11,22.2,100,100,24,100,2019-07-19 20:00:00,18.4,0.0,0.0,0.0,266.977,n,0,0.0,905.079,81,1004.72,0,0,0.0,21.8,2019-07-20 01:30:00,2019-07-19T20:00:00,1563566400,0.0,24.1347,804,Overcast clouds,c04n,W,west,259,15.3346,9.09351,Bengaluru,77.67,12.93,Bellandur,1,Monsoon,3,5,1,0,2019,7,1,1
12,21.9,100,100,21,100,2019-07-19 21:00:00,18.1,0.0,0.0,0.0,265.472,n,0,0.0,904.159,81,1003.75,0,0,0.0,21.6,2019-07-20 02:30:00,2019-07-19T21:00:00,1563570000,0.0,24.1349,804,Overcast clouds,c04n,W,west,264,15.4078,9.22496,Bengaluru,77.67,12.93,Bellandur,1,Monsoon,3,5,1,0,2019,7,2,2
13,21.7,100,95,20,100,2019-07-19 22:00:00,18.1,0.0,0.0,0.0,264.036,n,0,0.0,903.51,81,1003.09,0,0,0.0,21.4,2019-07-20 03:30:00,2019-07-19T22:00:00,1563573600,0.0,24.1349,804,Overcast clouds,c04n,W,west,262,15.2132,8.56919,Bengaluru,77.67,12.93,Bellandur,1,Monsoon,3,5,1,0,2019,7,3,3
14,21.7,100,96,16,100,2019-07-19 23:00:00,18.0,0.0,0.0,0.0,264.677,n,0,0.0,903.661,82,1003.13,0,0,0.0,21.3,2019-07-20 04:30:00,2019-07-19T23:00:00,1563577200,0.0,24.1349,804,Overcast clouds,c04n,W,west,260,14.8255,8.50296,Bengaluru,77.67,12.93,Bellandur,1,Monsoon,3,5,1,0,2019,7,4,4
15,21.5,100,94,14,100,2019-07-20 00:00:00,18.1,0.0,0.0,0.0,264.798,n,0,0.0,904.367,82,1003.7,0,0,0.0,21.2,2019-07-20 05:30:00,2019-07-20T00:00:00,1563580800,0.0,24.1349,804,Overcast clouds,c04n,W,west,266,14.7186,8.81172,Bengaluru,77.67,12.93,Bellandur,1,Monsoon,3,5,1,0,2019,7,5,5
16,21.8,100,66,28,100,2019-07-20 01:00:00,17.9,35.4,318.56,57.19,265.552,d,0,0.0,904.83,81,1004.44,0,0,10.8661,21.4,2019-07-20 06:30:00,2019-07-20T01:00:00,1563584400,0.7002,24.1351,804,Overcast clouds,c04d,W,west,263,14.6264,8.04065,Bengaluru,77.67,12.93,Bellandur,1,Monsoon,3,5,1,0,2019,7,6,6
17,22.0,100,47,14,100,2019-07-20 02:00:00,18.1,72.37,653.98,282.76,267.415,d,0,0.0,905.282,80,1004.97,0,0,53.7244,21.7,2019-07-20 07:30:00,2019-07-20T02:00:00,1563588000,0.825092,24.1351,804,Overcast clouds,c04d,WSW,west-southwest,258,14.2258,7.51783,Bengaluru,77.67,12.93,Bellandur,1,Monsoon,3,5,1,0,2019,7,7,7
18,22.7,99,31,9,99,2019-07-20 03:00:00,18.4,93.4,792.09,522.96,266.948,d,0,0.0,905.688,78,1005.1,0,0,143.916,22.4,2019-07-20 08:30:00,2019-07-20T03:00:00,1563591600,1.26963,24.1352,804,Overcast clouds,c04d,W,west,262,13.2254,8.22881,Bengaluru,77.67,12.93,Bellandur,1,Monsoon,3,5,1,0,2019,7,8,8
19,24.4,83,23,8,82,2019-07-20 04:00:00,18.8,107.18,867.19,738.84,265.88,d,0,0.0,905.838,72,1005.28,0,0,444.752,24.1,2019-07-20 09:30:00,2019-07-20T04:00:00,1563595200,2.66768,24.135,804,Overcast clouds,c04d,W,west,263,13.2032,8.91368,Bengaluru,77.67,12.93,Bellandur,1,Monsoon,3,5,1,0,2019,7,9,9
20,26.0,72,22,10,66,2019-07-20 05:00:00,18.9,116.06,910.36,907.29,264.427,d,0,0.0,905.82,67,1005.09,0,0,684.581,25.6,2019-07-20 10:30:00,2019-07-20T05:00:00,1563598800,4.41546,24.1349,804,Overcast clouds,c04d,W,west,262,12.6579,8.92745,Bengaluru,77.67,12.93,Bellandur,1,Monsoon,3,5,1,0,2019,7,10,10
21,27.9,71,18,19,55,2019-07-20 06:00:00,18.9,121.03,932.88,1012.45,261.8,d,0,0.0,905.821,62,1004.91,0,0,775.469,26.7,2019-07-20 11:30:00,2019-07-20T06:00:00,1563602400,5.4812,24.1353,804,Overcast clouds,c04d,W,west,264,12.7128,9.21847,Bengaluru,77.67,12.93,Bellandur,1,Monsoon,3,5,1,0,2019,7,11,11
22,28.6,64,0,64,0,2019-07-20 07:00:00,19.1,122.48,939.28,1044.87,262.8,d,0,0.0,905.493,60,1004.24,0,0,873.026,27.4,2019-07-20 12:30:00,2019-07-20T07:00:00,1563606000,6.37096,24.1349,803,Broken clouds,c03d,W,west,264,12.2011,9.04475,Bengaluru,77.67,12.93,Bellandur,1,Monsoon,3,5,1,0,2019,7,12,12
23,28.0,78,33,69,0,2019-07-20 08:00:00,19.1,120.54,930.71,1001.72,262.578,d,15,0.0625,904.81,62,1003.31,0,0,678.923,26.9,2019-07-20 13:30:00,2019-07-20T08:00:00,1563609600,4.8621,24.1348,804,Overcast clouds,c04d,W,west,268,12.1039,9.00691,Bengaluru,77.67,12.93,Bellandur,1,Monsoon,3,5,1,0,2019,7,13,13
24,29.1,85,55,52,9,2019-07-20 09:00:00,18.9,115.05,905.61,886.76,260.21,d,0,0.0,903.877,57,1002.42,0,0,504.031,28.0,2019-07-20 14:30:00,2019-07-20T09:00:00,1563613200,3.49068,24.1351,804,Overcast clouds,c04d,W,west,265,12.0286,8.5974,Bengaluru,77.67,12.93,Bellandur,1,Monsoon,3,5,1,0,2019,7,14,14
25,29.1,84,61,39,14,2019-07-20 10:00:00,19.1,105.54,858.78,710.34,260.009,d,15,0.0625,903.131,58,1001.66,0,0,415.846,27.9,2019-07-20 15:30:00,2019-07-20T10:00:00,1563616800,2.48223,24.1348,804,Overcast clouds,c04d,W,west,269,11.6028,8.7933,Bengaluru,77.67,12.93,Bellandur,1,Monsoon,3,5,1,0,2019,7,15,15
26,28.9,70,49,34,11,2019-07-20 11:00:00,19.1,90.92,777.33,489.27,259.523,d,0,0.0,903.115,60,1001.48,0,0,380.14,27.6,2019-07-20 16:30:00,2019-07-20T11:00:00,1563620400,1.95144,24.1353,803,Broken clouds,c03d,W,west,270,10.8126,8.265,Bengaluru,77.67,12.93,Bellandur,1,Monsoon,3,5,1,0,2019,7,16,16
27,28.1,65,41,35,9,2019-07-20 12:00:00,18.9,68.42,624.3,247.96,259.931,d,15,0.0625,903.347,62,1002.02,0,0,204.972,26.9,2019-07-20 17:30:00,2019-07-20T12:00:00,1563624000,1.42068,24.1347,803,Broken clouds,c03d,W,west,272,9.92348,7.25136,Bengaluru,77.67,12.93,Bellandur,1,Monsoon,3,5,1,0,2019,7,17,17
28,26.1,19,0,19,0,2019-07-20 13:00:00,19.3,26.65,220.35,31.32,260.28,d,15,0.0625,904.15,67,1003.06,0,0,31.2371,25.8,2019-07-20 18:30:00,2019-07-20T13:00:00,1563627600,1.97022,24.1348,801,Few clouds,c02d,W,west,264,8.709,5.97255,Bengaluru,77.67,12.93,Bellandur,1,Monsoon,3,5,1,0,2019,7,18,18
29,25.2,22,0,22,0,2019-07-20 14:00:00,19.1,0.0,0.0,0.0,260.322,n,10,0.125,905.278,70,1004.23,0,0,0.0,24.9,2019-07-20 19:30:00,2019-07-20T14:00:00,1563631200,0.0,21.4999,802,Scattered clouds,c02n,W,west,261,9.0261,5.47917,Bengaluru,77.67,12.93,Bellandur,1,Monsoon,3,5,1,0,2019,7,19,19
30,24.4,17,0,17,0,2019-07-20 15:00:00,19.1,0.0,0.0,0.0,260.662,n,0,0.0,905.946,74,1005.1,0,0,0.0,24.1,2019-07-20 20:30:00,2019-07-20T15:00:00,1563634800,0.0,24.1349,801,Few clouds,c02n,W,west,260,9.4359,5.9494,Bengaluru,77.67,12.93,Bellandur,1,Monsoon,3,5,1,0,2019,7,20,20
31,23.8,13,0,13,0,2019-07-20 16:00:00,19.1,0.0,0.0,0.0,260.707,n,0,0.0,906.65,77,1005.87,0,0,0.0,23.4,2019-07-20 21:30:00,2019-07-20T16:00:00,1563638400,0.0,24.1349,801,Few clouds,c02n,WSW,west-southwest,257,9.42732,5.78339,Bengaluru,77.67,12.93,Bellandur,1,Monsoon,3,5,1,0,2019,7,21,21
32,23.2,12,0,12,0,2019-07-20 17:00:00,19.3,0.0,0.0,0.0,260.67,n,0,0.0,906.911,80,1006.23,0,0,0.0,22.8,2019-07-20 22:30:00,2019-07-20T17:00:00,1563642000,0.0,24.1353,801,Few clouds,c02n,WSW,west-southwest,257,9.80524,5.9286,Bengaluru,77.67,12.93,Bellandur,1,Monsoon,3,5,1,0,2019,7,22,22
33,22.9,13,0,13,0,2019-07-20 18:00:00,19.3,0.0,0.0,0.0,260.72,n,0,0.0,906.837,82,1006.28,0,0,0.0,22.4,2019-07-20 23:30:00,2019-07-20T18:00:00,1563645600,0.0,24.135,801,Few clouds,c02n,WSW,west-southwest,255,9.92182,5.76674,Bengaluru,77.67,12.93,Bellandur,1,Monsoon,3,5,1,0,2019,7,23,23
34,22.8,24,0,24,0,2019-07-20 19:00:00,19.3,0.0,0.0,0.0,259.622,n,0,0.0,906.471,83,1006.14,0,0,0.0,22.3,2019-07-21 00:30:00,2019-07-20T19:00:00,1563649200,0.0,24.1347,802,Scattered clouds,c02n,WSW,west-southwest,255,10.4178,5.88793,Bengaluru,77.67,12.93,Bellandur,1,Monsoon,3,6,1,0,2019,7,0,0
35,22.5,28,0,28,0,2019-07-20 20:00:00,19.4,0.0,0.0,0.0,259.715,n,0,0.0,905.805,84,1005.32,0,0,0.0,22.0,2019-07-21 01:30:00,2019-07-20T20:00:00,1563652800,0.0,24.1352,802,Scattered clouds,c02n,WSW,west-southwest,253,9.82662,5.69399,Bengaluru,77.67,12.93,Bellandur,1,Monsoon,3,6,1,0,2019,7,1,1
36,22.4,40,0,40,0,2019-07-20 21:00:00,19.2,0.0,0.0,0.0,259.665,n,0,0.0,904.899,85,1004.38,0,0,0.0,21.9,2019-07-21 02:30:00,2019-07-20T21:00:00,1563656400,0.0,24.1349,802,Scattered clouds,c02n,WSW,west-southwest,256,9.82849,5.7132,Bengaluru,77.67,12.93,Bellandur,1,Monsoon,3,6,1,0,2019,7,2,2
37,22.2,42,0,42,0,2019-07-20 22:00:00,19.3,0.0,0.0,0.0,258.879,n,0,0.0,904.556,86,1004.06,0,0,0.0,21.8,2019-07-21 03:30:00,2019-07-20T22:00:00,1563660000,0.0,24.135,803,Broken clouds,c03n,WSW,west-southwest,252,9.52595,5.46807,Bengaluru,77.67,12.93,Bellandur,1,Monsoon,3,6,1,0,2019,7,3,3
38,22.2,47,0,47,0,2019-07-20 23:00:00,19.1,0.0,0.0,0.0,259.1,n,0,0.0,904.379,85,1003.89,0,0,0.0,21.8,2019-07-21 04:30:00,2019-07-20T23:00:00,1563663600,0.0,24.1349,803,Broken clouds,c03n,WSW,west-southwest,255,10.2459,5.90835,Bengaluru,77.67,12.93,Bellandur,1,Monsoon,3,6,1,0,2019,7,4,4
39,21.9,45,0,45,0,2019-07-21 00:00:00,19.0,0.0,0.0,0.0,259.844,n,0,0.0,904.654,86,1004.23,0,0,0.0,21.4,2019-07-21 05:30:00,2019-07-21T00:00:00,1563667200,0.0,24.135,803,Broken clouds,c03n,WSW,west-southwest,258,10.3123,5.62791,Bengaluru,77.67,12.93,Bellandur,1,Monsoon,3,6,1,0,2019,7,5,5
40,21.7,21,0,21,0,2019-07-21 01:00:00,19.1,35.2,316.41,56.5,261.028,d,0,0.0,905.333,87,1005.06,0,0,56.273,21.3,2019-07-21 06:30:00,2019-07-21T01:00:00,1563670800,1.94372,24.1349,802,Scattered clouds,c02d,WSW,west-southwest,257,9.6239,5.25466,Bengaluru,77.67,12.93,Bellandur,1,Monsoon,3,6,1,0,2019,7,6,6
41,22.6,27,0,27,0,2019-07-21 02:00:00,19.4,72.32,653.6,282.2,260.741,d,0,0.0,905.92,84,1005.74,0,0,279.535,22.1,2019-07-21 07:30:00,2019-07-21T02:00:00,1563674400,2.18148,24.1351,802,Scattered clouds,c02d,W,west,261,9.60841,5.67896,Bengaluru,77.67,12.93,Bellandur,1,Monsoon,3,6,1,0,2019,7,7,7
42,23.6,35,0,35,0,2019-07-21 03:00:00,19.4,93.4,792.08,522.73,262.7,d,0,0.0,906.417,80,1006.1,0,0,511.685,23.2,2019-07-21 08:30:00,2019-07-21T03:00:00,1563678000,3.04746,24.135,802,Scattered clouds,c02d,W,west,265,8.81166,5.99949,Bengaluru,77.67,12.93,Bellandur,1,Monsoon,3,6,1,0,2019,7,8,8
43,24.7,43,4,41,0,2019-07-21 04:00:00,19.6,107.19,867.32,738.94,264.412,d,0,0.0,906.728,75,1006.17,0,0,707.501,24.3,2019-07-21 09:30:00,2019-07-21T04:00:00,1563681600,4.39374,24.1349,803,Broken clouds,c03d,W,west,263,8.5007,6.02734,Bengaluru,77.67,12.93,Bellandur,1,Monsoon,3,6,1,0,2019,7,9,9
44,25.9,49,12,44,0,2019-07-21 05:00:00,19.7,116.09,910.56,907.69,262.702,d,0,0.0,906.493,70,1005.74,0,0,847.48,25.4,2019-07-21 10:30:00,2019-07-21T05:00:00,1563685200,5.81562,24.135,803,Broken clouds,c03d,W,west,259,8.42643,6.22644,Bengaluru,77.67,12.93,Bellandur,1,Monsoon,3,6,1,0,2019,7,10,10
45,26.9,52,10,47,0,2019-07-21 06:00:00,19.7,121.07,933.12,1013.05,262.592,d,0,0.0,906.276,66,1005.12,0,0,930.806,26.4,2019-07-21 11:30:00,2019-07-21T06:00:00,1563688800,6.89484,24.1349,803,Broken clouds,c03d,WSW,west-southwest,258,7.9324,6.0374,Bengaluru,77.67,12.93,Bellandur,1,Monsoon,3,6,1,0,2019,7,11,11
46,28.0,96,21,96,0,2019-07-21 07:00:00,19.6,122.52,939.53,1045.58,262.1,d,0,0.0,905.64,65,1004.13,0,0,363.02,26.7,2019-07-21 12:30:00,2019-07-21T07:00:00,1563692400,3.85687,24.1353,804,Overcast clouds,c04d,WSW,west-southwest,257,7.51213,5.77291,Bengaluru,77.67,12.93,Bellandur,1,Monsoon,3,6,1,0,2019,7,12,12
47,28.2,98,21,98,0,2019-07-21 08:00:00,19.5,120.58,930.97,1002.42,260.723,d,15,0.0625,904.573,64,1002.96,0,0,300.513,26.9,2019-07-21 13:30:00,2019-07-21T08:00:00,1563696000,3.41487,24.1349,804,Overcast clouds,c04d,W,west,259,7.20543,5.6274,Bengaluru,77.67,12.93,Bellandur,1,Monsoon,3,6,1,0,2019,7,13,13
48,29.6,93,32,81,0,2019-07-21 09:00:00,19.4,115.09,905.86,887.35,259.395,d,0,0.0,903.645,59,1002.0,0,0,367.356,28.2,2019-07-21 14:30:00,2019-07-21T09:00:00,1563699600,3.02862,24.1351,804,Overcast clouds,c04d,W,west,261,6.92823,5.38178,Bengaluru,77.67,12.93,Bellandur,1,Monsoon,3,6,1,0,2019,7,14,14
49,30.1,89,41,68,0,2019-07-21 10:00:00,19.5,105.57,859.0,710.71,259.571,d,0,0.0,902.997,57,1001.48,0,0,352.053,28.7,2019-07-21 15:30:00,2019-07-21T10:00:00,1563703200,2.28061,24.1353,804,Overcast clouds,c04d,WSW,west-southwest,256,6.60488,5.5946,Bengaluru,77.67,12.93,Bellandur,1,Monsoon,3,6,1,0,2019,7,15,15
50,29.4,87,43,65,0,2019-07-21 11:00:00,19.6,90.93,777.46,489.35,260.295,d,40,0.625,902.966,60,1001.52,0,0,260.766,27.9,2019-07-21 16:30:00,2019-07-21T11:00:00,1563706800,1.50775,14.8238,301,Drizzle,d02d,WSW,west-southwest,252,6.53984,5.89038,Bengaluru,77.67,12.93,Bellandur,2,Monsoon,3,6,1,0,2019,7,16,16
51,28.1,89,52,57,0,2019-07-21 12:00:00,19.9,68.4,624.15,247.73,259.787,d,50,1.0,903.218,66,1001.95,0,0,122.714,26.7,2019-07-21 17:30:00,2019-07-21T12:00:00,1563710400,0.993949,19.8427,301,Drizzle,d02d,WSW,west-southwest,247,7.22064,6.21161,Bengaluru,77.67,12.93,Bellandur,2,Monsoon,3,6,1,0,2019,7,17,17
52,26.1,88,86,14,0,2019-07-21 13:00:00,19.8,26.5,218.6,30.95,259.694,d,25,0.375,903.937,70,1002.82,0,0,15.9199,25.6,2019-07-21 18:30:00,2019-07-21T13:00:00,1563714000,0.891404,24.1353,804,Overcast clouds,c04d,WSW,west-southwest,251,8.01707,5.84995,Bengaluru,77.67,12.93,Bellandur,1,Monsoon,3,6,1,0,2019,7,18,18
53,25.3,94,93,9,0,2019-07-21 14:00:00,19.9,0.0,0.0,0.0,258.922,n,25,0.375,904.715,74,1003.91,0,0,0.0,24.8,2019-07-21 19:30:00,2019-07-21T14:00:00,1563717600,0.0,24.1351,804,Overcast clouds,c04n,WSW,west-southwest,252,9.10648,5.6985,Bengaluru,77.67,12.93,Bellandur,1,Monsoon,3,6,1,0,2019,7,19,19
54,24.5,96,95,6,9,2019-07-21 15:00:00,20.0,0.0,0.0,0.0,259.339,n,65,1.9375,905.573,78,1004.9,0,0,0.0,24.0,2019-07-21 20:30:00,2019-07-21T15:00:00,1563721200,0.0,14.2042,201,Thunderstorm with rain,t02n,WSW,west-southwest,249,10.108,6.43159,Bengaluru,77.67,12.93,Bellandur,4,Monsoon,3,6,1,0,2019,7,20,20
55,23.9,95,93,10,29,2019-07-21 16:00:00,19.5,0.0,0.0,0.0,258.307,n,65,1.9375,906.279,78,1005.7,0,0,0.0,23.4,2019-07-21 21:30:00,2019-07-21T16:00:00,1563724800,0.0,19.7038,201,Thunderstorm with rain,t02n,WSW,west-southwest,258,11.1218,7.04643,Bengaluru,77.67,12.93,Bellandur,4,Monsoon,3,6,1,0,2019,7,21,21
56,23.6,96,94,23,42,2019-07-21 17:00:00,19.6,0.0,0.0,0.0,258.253,n,70,2.25,906.365,80,1005.84,0,0,0.0,23.1,2019-07-21 22:30:00,2019-07-21T17:00:00,1563728400,0.0,4.71836,201,Thunderstorm with rain,t02n,W,west,264,11.0128,6.81332,Bengaluru,77.67,12.93,Bellandur,4,Monsoon,3,6,1,0,2019,7,22,22
57,23.2,97,95,36,52,2019-07-21 18:00:00,19.7,0.0,0.0,0.0,256.721,n,70,2.5625,906.094,83,1005.56,0,0,0.0,22.7,2019-07-21 23:30:00,2019-07-21T18:00:00,1563732000,0.0,6.66252,201,Thunderstorm with rain,t02n,W,west,269,10.5363,6.59401,Bengaluru,77.67,12.93,Bellandur,4,Monsoon,3,6,1,0,2019,7,23,23
58,22.9,100,100,85,98,2019-07-21 19:00:00,19.8,0.0,0.0,0.0,255.933,n,60,1.5625,905.59,86,1005.03,0,0,0.0,22.4,2019-07-22 00:30:00,2019-07-21T19:00:00,1563735600,0.0,16.9205,201,Thunderstorm with rain,t02n,W,west,267,8.51022,4.95336,Bengaluru,77.67,12.93,Bellandur,4,Monsoon,3,0,0,0,2019,7,0,0
59,22.7,100,100,68,93,2019-07-21 20:00:00,19.8,0.0,0.0,0.0,256.5,n,70,2.5,904.738,86,1004.12,0,0,0.0,22.1,2019-07-22 01:30:00,2019-07-21T20:00:00,1563739200,0.0,10.4916,201,Thunderstorm with rain,t02n,W,west,260,8.10642,4.9666,Bengaluru,77.67,12.93,Bellandur,4,Monsoon,3,0,0,0,2019,7,1,1
60,22.7,100,100,60,72,2019-07-21 21:00:00,19.7,0.0,0.0,0.0,256.821,n,60,1.625,904.343,86,1003.59,0,0,0.0,22.2,2019-07-22 02:30:00,2019-07-21T21:00:00,1563742800,0.0,19.5218,201,Thunderstorm with rain,t02n,W,west,265,8.92514,5.33989,Bengaluru,77.67,12.93,Bellandur,4,Monsoon,3,0,0,0,2019,7,2,2
61,22.7,100,100,61,76,2019-07-21 22:00:00,19.6,0.0,0.0,0.0,258.027,n,10,0.125,903.979,86,1003.43,0,0,0.0,22.2,2019-07-22 03:30:00,2019-07-21T22:00:00,1563746400,0.0,24.135,804,Overcast clouds,c04n,W,west,263,8.71615,5.10312,Bengaluru,77.67,12.93,Bellandur,1,Monsoon,3,0,0,0,2019,7,3,3
62,22.4,100,100,58,77,2019-07-21 23:00:00,19.6,0.0,0.0,0.0,259.328,n,0,0.0,903.695,87,1003.26,0,0,0.0,21.9,2019-07-22 04:30:00,2019-07-21T23:00:00,1563750000,0.0,24.1351,804,Overcast clouds,c04n,W,west,269,9.20212,5.55332,Bengaluru,77.67,12.93,Bellandur,1,Monsoon,3,0,0,0,2019,7,4,4
63,22.3,100,100,53,75,2019-07-22 00:00:00,19.5,0.0,0.0,0.0,262.26,n,0,0.0,903.754,88,1003.38,0,0,0.0,21.8,2019-07-22 05:30:00,2019-07-22T00:00:00,1563753600,0.0,24.1349,804,Overcast clouds,c04n,W,west,280,8.51836,4.94258,Bengaluru,77.67,12.93,Bellandur,1,Monsoon,3,0,0,0,2019,7,5,5
64,22.2,100,100,39,27,2019-07-22 01:00:00,19.7,35.01,314.29,55.83,263.52,d,0,0.0,904.155,88,1003.85,0,0,10.6077,21.7,2019-07-22 06:30:00,2019-07-22T01:00:00,1563757200,0.702041,24.1352,804,Overcast clouds,c04d,WNW,west-northwest,283,7.42557,3.99943,Bengaluru,77.67,12.93,Bellandur,1,Monsoon,3,0,0,0,2019,7,6,6
65,22.9,100,100,39,13,2019-07-22 02:00:00,19.7,72.27,653.24,281.67,262.09,d,0,0.0,905.148,84,1004.74,0,0,53.5173,22.4,2019-07-22 07:30:00,2019-07-22T02:00:00,1563760800,0.829159,24.1352,804,Overcast clouds,c04d,WNW,west-northwest,285,7.70258,4.7089,Bengaluru,77.67,12.93,Bellandur,1,Monsoon,3,0,0,0,2019,7,7,7
66,24.0,100,100,43,9,2019-07-22 03:00:00,19.6,93.39,792.09,522.53,262.772,d,0,0.0,905.484,79,1005.2,0,0,130.633,23.5,2019-07-22 08:30:00,2019-07-22T03:00:00,1563764400,1.24475,24.135,804,Overcast clouds,c04d,WNW,west-northwest,284,8.30976,5.31554,Bengaluru,77.67,12.93,Bellandur,1,Monsoon,3,0,0,0,2019,7,8,8
67,25.2,100,100,43,7,2019-07-22 04:00:00,19.8,107.21,867.47,739.08,263.967,d,0,0.0,905.8,74,1005.18,0,0,184.77,24.7,2019-07-22 09:30:00,2019-07-22T04:00:00,1563768000,1.93735,24.1353,804,Overcast clouds,c04d,WNW,west-northwest,289,7.00039,4.9831,Bengaluru,77.67,12.93,Bellandur,1,Monsoon,3,0,0,0,2019,7,9,9
68,26.1,100,100,49,5,2019-07-22 05:00:00,19.8,116.13,910.78,908.11,262.136,d,10,0.125,905.388,70,1004.65,0,0,227.027,25.7,2019-07-22 10:30:00,2019-07-22T05:00:00,1563771600,2.72618,24.1349,804,Overcast clouds,c04d,WNW,west-northwest,293,6.80246,5.12311,Bengaluru,77.67,12.93,Bellandur,1,Monsoon,3,0,0,0,2019,7,10,10
69,28.2,100,100,52,5,2019-07-22 06:00:00,19.9,121.11,933.37,1013.67,262.526,d,15,0.0625,904.637,66,1003.69,0,0,253.417,26.8,2019-07-22 11:30:00,2019-07-22T06:00:00,1563775200,3.33674,24.135,804,Overcast clouds,c04d,WNW,west-northwest,300,6.32746,5.06249,Bengaluru,77.67,12.93,Bellandur,1,Monsoon,3,0,0,0,2019,7,11,11
70,29.2,100,100,45,0,2019-07-22 07:00:00,20.0,122.57,939.8,1046.3,262.485,d,25,0.3125,903.692,63,1002.62,0,0,261.575,27.7,2019-07-22 12:30:00,2019-07-22T07:00:00,1563778800,3.54521,18.6885,804,Overcast clouds,c04d,WNW,west-northwest,303,6.20164,5.21369,Bengaluru,77.67,12.93,Bellandur,1,Monsoon,3,0,0,0,2019,7,12,12
71,29.5,100,100,44,0,2019-07-22 08:00:00,20.0,120.63,931.23,1003.12,262.056,d,50,1.0,902.739,62,1001.46,0,0,250.78,27.9,2019-07-22 13:30:00,2019-07-22T08:00:00,1563782400,3.27176,14.8942,301,Drizzle,d02d,WNW,west-northwest,303,5.80164,4.84659,Bengaluru,77.67,12.93,Bellandur,2,Monsoon,3,0,0,0,2019,7,13,13
72,28.8,100,100,39,9,2019-07-22 09:00:00,20.2,115.13,906.11,887.92,262.12,d,65,2.0,901.912,65,1000.5,0,0,221.98,27.3,2019-07-22 14:30:00,2019-07-22T09:00:00,1563786000,2.62007,4.20145,520,Light shower rain,r04d,WNW,west-northwest,302,5.30449,4.34574,Bengaluru,77.67,12.93,Bellandur,3,Monsoon,3,0,0,0,2019,7,14,14
73,27.0,100,100,34,23,2019-07-22 10:00:00,20.3,105.6,859.21,711.05,259.457,d,75,3.375,901.713,68,999.994,0,0,177.762,26.5,2019-07-22 15:30:00,2019-07-22T10:00:00,1563789600,1.83334,3.97475,500,Light rain,r01d,WNW,west-northwest,299,4.10922,3.22623,Bengaluru,77.67,12.93,Bellandur,2,Monsoon,3,0,0,0,2019,7,15,15
74,25.4,100,100,32,38,2019-07-22 11:00:00,20.5,90.94,777.57,489.39,259.089,d,80,3.625,901.504,77,999.842,0,0,122.348,24.8,2019-07-22 16:30:00,2019-07-22T11:00:00,1563793200,1.17067,3.625,500,Light rain,r01d,NW,northwest,311,4.0349,2.66322,Bengaluru,77.67,12.93,Bellandur,2,Monsoon,3,0,0,0,2019,7,16,16
75,24.3,100,100,33,48,2019-07-22 12:00:00,20.7,68.38,623.96,247.45,259.765,d,80,3.9375,901.744,83,1000.05,0,0,47.0155,23.7,2019-07-22 17:30:00,2019-07-22T12:00:00,1563796800,0.798196,4.3992,500,Light rain,r01d,NW,northwest,315,3.60234,2.31621,Bengaluru,77.67,12.93,Bellandur,2,Monsoon,3,0,0,0,2019,7,17,17
76,24.2,100,100,31,100,2019-07-22 13:00:00,20.7,26.33,216.65,30.53,260.268,d,75,3.1875,902.538,84,1001.07,0,0,5.8007,23.6,2019-07-22 18:30:00,2019-07-22T13:00:00,1563800400,0.702879,4.48654,500,Light rain,r01d,WNW,west-northwest,295,3.92751,2.67497,Bengaluru,77.67,12.93,Bellandur,2,Monsoon,3,0,0,0,2019,7,18,18
77,23.8,100,100,47,100,2019-07-22 14:00:00,20.5,0.0,0.0,0.0,260.078,n,75,2.875,903.521,85,1002.38,0,0,0.0,23.2,2019-07-22 19:30:00,2019-07-22T14:00:00,1563804000,0.0,4.74138,520,Light shower rain,r04n,WNW,west-northwest,291,3.82353,2.60307,Bengaluru,77.67,12.93,Bellandur,3,Monsoon,3,0,0,0,2019,7,19,19
78,23.5,100,100,60,100,2019-07-22 15:00:00,20.5,0.0,0.0,0.0,259.602,n,70,2.375,904.106,86,1003.22,0,0,0.0,22.9,2019-07-22 20:30:00,2019-07-22T15:00:00,1563807600,0.0,5.54696,520,Light shower rain,r04n,W,west,281,3.43376,2.39542,Bengaluru,77.67,12.93,Bellandur,3,Monsoon,3,0,0,0,2019,7,20,20
79,23.4,100,100,70,100,2019-07-22 16:00:00,20.4,0.0,0.0,0.0,259.198,n,65,1.75,904.237,86,1003.73,0,0,0.0,22.8,2019-07-22 21:30:00,2019-07-22T16:00:00,1563811200,0.0,7.48343,520,Light shower rain,r04n,W,west,272,3.61792,2.49159,Bengaluru,77.67,12.93,Bellandur,3,Monsoon,3,0,0,0,2019,7,21,21
80,23.3,100,100,67,100,2019-07-22 17:00:00,20.4,0.0,0.0,0.0,257.224,n,70,2.1875,904.599,87,1003.97,0,0,0.0,22.7,2019-07-22 22:30:00,2019-07-22T17:00:00,1563814800,0.0,4.65445,520,Light shower rain,r04n,NW,northwest,325,3.43246,1.96083,Bengaluru,77.67,12.93,Bellandur,3,Monsoon,3,0,0,0,2019,7,22,22
81,22.7,100,100,70,100,2019-07-22 18:00:00,20.3,0.0,0.0,0.0,256.727,n,75,2.875,903.777,90,1003.17,0,0,0.0,22.1,2019-07-22 23:30:00,2019-07-22T18:00:00,1563818400,0.0,12.0098,520,Light shower rain,r04n,N,north,5,3.91953,2.41202,Bengaluru,77.67,12.93,Bellandur,3,Monsoon,3,0,0,0,2019,7,23,23
82,22.5,100,100,54,100,2019-07-22 19:00:00,20.0,0.0,0.0,0.0,257.287,n,60,1.4375,903.272,90,1002.06,0,0,0.0,21.9,2019-07-23 00:30:00,2019-07-22T19:00:00,1563822000,0.0,9.97901,520,Light shower rain,r04n,N,north,10,2.63235,1.68766,Bengaluru,77.67,12.93,Bellandur,3,Monsoon,3,1,0,0,2019,7,0,0
83,22.2,100,100,59,100,2019-07-22 20:00:00,19.9,0.0,0.0,0.0,257.592,n,70,2.3125,902.701,90,1001.57,0,0,0.0,21.6,2019-07-23 01:30:00,2019-07-22T20:00:00,1563825600,0.0,8.95676,520,Light shower rain,r04n,WNW,west-northwest,286,1.41184,0.836393,Bengaluru,77.67,12.93,Bellandur,3,Monsoon,3,1,0,0,2019,7,1,1
84,22.3,100,100,57,100,2019-07-22 21:00:00,20.0,0.0,0.0,0.0,256.498,n,75,3.0625,902.343,91,1001.4,0,0,0.0,21.7,2019-07-23 02:30:00,2019-07-22T21:00:00,1563829200,0.0,6.19567,500,Light rain,r01n,SW,southwest,227,4.13622,2.71445,Bengaluru,77.67,12.93,Bellandur,2,Monsoon,3,1,0,0,2019,7,2,2
85,21.8,100,100,64,100,2019-07-22 22:00:00,19.9,0.0,0.0,0.0,256.441,n,75,2.75,902.391,92,1001.21,0,0,0.0,21.2,2019-07-23 03:30:00,2019-07-22T22:00:00,1563832800,0.0,6.32154,520,Light shower rain,r04n,SW,southwest,231,7.02074,4.91427,Bengaluru,77.67,12.93,Bellandur,3,Monsoon,3,1,0,0,2019,7,3,3
86,21.3,100,100,67,100,2019-07-22 23:00:00,18.8,0.0,0.0,0.0,257.808,n,45,0.875,902.218,88,1001.12,0,0,0.0,20.8,2019-07-23 04:30:00,2019-07-22T23:00:00,1563836400,0.0,20.458,201,Thunderstorm with rain,t02n,WSW,west-southwest,256,8.1288,5.1382,Bengaluru,77.67,12.93,Bellandur,4,Monsoon,3,1,0,0,2019,7,4,4
87,21.3,100,100,57,96,2019-07-23 00:00:00,18.8,0.0,0.0,0.0,257.804,n,10,0.125,902.307,88,1001.24,0,0,0.0,20.9,2019-07-23 05:30:00,2019-07-23T00:00:00,1563840000,0.0,24.1347,804,Overcast clouds,c04n,W,west,259,9.527,5.90315,Bengaluru,77.67,12.93,Bellandur,1,Monsoon,3,1,0,0,2019,7,5,5
88,21.1,100,100,4,43,2019-07-23 01:00:00,18.8,34.82,312.2,55.17,258.329,d,15,0.1875,902.85,89,1001.62,0,0,10.4823,20.7,2019-07-23 06:30:00,2019-07-23T01:00:00,1563843600,0.70727,24.135,804,Overcast clouds,c04d,WSW,west-southwest,249,10.0082,6.32339,Bengaluru,77.67,12.93,Bellandur,1,Monsoon,3,1,0,0,2019,7,6,6
89,20.9,100,100,19,33,2019-07-23 02:00:00,18.3,72.22,652.91,281.16,259.867,d,0,0.0,903.186,87,1002.33,0,0,53.4204,20.5,2019-07-23 07:30:00,2019-07-23T02:00:00,1563847200,0.83089,24.1348,804,Overcast clouds,c04d,WSW,west-southwest,249,10.4314,6.83439,Bengaluru,77.67,12.93,Bellandur,1,Monsoon,3,1,0,0,2019,7,7,7
90,22.1,95,92,18,24,2019-07-23 03:00:00,18.7,93.39,792.12,522.35,260.15,d,0,0.0,903.989,83,1003.05,0,0,166.959,21.7,2019-07-23 08:30:00,2019-07-23T03:00:00,1563850800,1.38578,24.1352,804,Overcast clouds,c04d,WSW,west-southwest,247,11.0197,7.4305,Bengaluru,77.67,12.93,Bellandur,1,Monsoon,3,1,0,0,2019,7,8,8
91,23.1,90,80,21,32,2019-07-23 04:00:00,18.6,107.23,867.64,739.24,261.296,d,0,0.0,904.256,77,1003.44,0,0,351.74,22.8,2019-07-23 09:30:00,2019-07-23T04:00:00,1563854400,2.37259,24.135,804,Overcast clouds,c04d,WSW,west-southwest,248,10.6408,7.38456,Bengaluru,77.67,12.93,Bellandur,1,Monsoon,3,1,0,0,2019,7,9,9
92,23.3,92,76,31,42,2019-07-23 05:00:00,18.5,116.16,911.01,908.56,260.597,d,15,0.1875,904.129,76,1003.26,0,0,395.352,23.0,2019-07-23 10:30:00,2019-07-23T05:00:00,1563858000,3.21539,20.6264,804,Overcast clouds,c04d,WSW,west-southwest,244,11.0203,7.41362,Bengaluru,77.67,12.93,Bellandur,1,Monsoon,3,1,0,0,2019,7,10,10
93,23.8,93,77,35,47,2019-07-23 06:00:00,19.1,121.15,933.63,1014.31,259.858,d,15,0.0625,903.66,77,1002.73,0,0,419.917,23.4,2019-07-23 11:30:00,2019-07-23T06:00:00,1563861600,3.86357,17.2369,804,Overcast clouds,c04d,WSW,west-southwest,242,9.31159,6.09331,Bengaluru,77.67,12.93,Bellandur,1,Monsoon,3,1,0,0,2019,7,11,11
94,24.4,100,90,58,100,2019-07-23 07:00:00,19.5,122.62,940.07,1047.03,258.372,d,10,0.125,903.085,76,1002.11,0,0,261.758,23.9,2019-07-23 12:30:00,2019-07-23T07:00:00,1563865200,3.55345,21.0151,804,Overcast clouds,c04d,SW,southwest,232,7.71456,5.30421,Bengaluru,77.67,12.93,Bellandur,1,Monsoon,3,1,0,0,2019,7,12,12
95,24.6,100,95,55,96,2019-07-23 08:00:00,19.7,120.67,931.51,1003.82,258.192,d,35,0.5,902.448,76,1001.46,0,0,250.955,24.1,2019-07-23 13:30:00,2019-07-23T08:00:00,1563868800,3.27931,12.59,804,Overcast clouds,c04d,SW,southwest,227,7.50601,5.61167,Bengaluru,77.67,12.93,Bellandur,1,Monsoon,3,1,0,0,2019,7,13,13
96,24.6,100,92,55,95,2019-07-23 09:00:00,19.8,115.17,906.37,888.47,257.126,d,35,0.5,901.641,77,1000.78,0,0,222.117,24.1,2019-07-23 14:30:00,2019-07-23T09:00:00,1563872400,2.62739,19.2188,804,Overcast clouds,c04d,SW,southwest,236,6.95444,5.16697,Bengaluru,77.67,12.93,Bellandur,1,Monsoon,3,1,0,0,2019,7,14,14
97,24.4,100,94,51,96,2019-07-23 10:00:00,19.8,105.63,859.42,711.36,256.392,d,45,0.875,901.406,78,1000.48,0,0,177.84,23.9,2019-07-23 15:30:00,2019-07-23T10:00:00,1563876000,1.83736,15.7008,301,Drizzle,d02d,WSW,west-southwest,245,7.42043,5.23889,Bengaluru,77.67,12.93,Bellandur,2,Monsoon,3,1,0,0,2019,7,15,15
98,24.1,100,95,52,97,2019-07-23 11:00:00,19.7,90.95,777.67,489.39,256.2,d,30,0.4375,901.285,79,1000.56,0,0,122.348,23.6,2019-07-23 16:30:00,2019-07-23T11:00:00,1563879600,1.17349,16.6876,804,Overcast clouds,c04d,WSW,west-southwest,243,7.30863,5.07167,Bengaluru,77.67,12.93,Bellandur,1,Monsoon,3,1,0,0,2019,7,16,16
99,23.6,100,96,49,97,2019-07-23 12:00:00,19.8,68.34,623.73,247.11,258.08,d,20,0.25,901.783,82,1000.92,0,0,46.9509,23.1,2019-07-23 17:30:00,2019-07-23T12:00:00,1563883200,0.799645,24.1353,804,Overcast clouds,c04d,SW,southwest,233,7.33374,4.69463,Bengaluru,77.67,12.93,Bellandur,1,Monsoon,3,1,0,0,2019,7,17,17
100,23.1,100,45,88,100,2019-07-23 13:00:00,20.1,26.14,214.49,30.07,258.496,d,50,1.0,902.461,86,1001.66,0,0,5.7133,22.5,2019-07-23 18:30:00,2019-07-23T13:00:00,1563886800,0.704687,12.6587,201,Thunderstorm with rain,t02d,SW,southwest,225,8.03435,5.04752,Bengaluru,77.67,12.93,Bellandur,4,Monsoon,3,1,0,0,2019,7,18,18
101,22.6,100,72,94,100,2019-07-23 14:00:00,19.6,0.0,0.0,0.0,257.842,n,45,0.875,903.241,86,1002.47,0,0,0.0,22.1,2019-07-23 19:30:00,2019-07-23T14:00:00,1563890400,0.0,18.2576,201,Thunderstorm with rain,t02n,SW,southwest,231,10.6211,6.66348,Bengaluru,77.67,12.93,Bellandur,4,Monsoon,3,1,0,0,2019,7,19,19
102,22.2,100,82,93,100,2019-07-23 15:00:00,19.4,0.0,0.0,0.0,258.19,n,15,0.1875,904.01,87,1003.33,0,0,0.0,21.7,2019-07-23 20:30:00,2019-07-23T15:00:00,1563894000,0.0,24.135,804,Overcast clouds,c04n,SW,southwest,235,10.9293,6.5546,Bengaluru,77.67,12.93,Bellandur,1,Monsoon,3,1,0,0,2019,7,20,20
103,21.9,100,86,82,100,2019-07-23 16:00:00,19.3,0.0,0.0,0.0,258.949,n,15,0.0625,904.708,88,1004.01,0,0,0.0,21.5,2019-07-23 21:30:00,2019-07-23T16:00:00,1563897600,0.0,24.135,804,Overcast clouds,c04n,WSW,west-southwest,242,11.4316,6.69132,Bengaluru,77.67,12.93,Bellandur,1,Monsoon,3,1,0,0,2019,7,21,21
104,21.9,100,88,86,100,2019-07-23 17:00:00,19.1,0.0,0.0,0.0,258.644,n,10,0.125,904.71,87,1004.04,0,0,0.0,21.4,2019-07-23 22:30:00,2019-07-23T17:00:00,1563901200,0.0,24.1352,804,Overcast clouds,c04n,WSW,west-southwest,243,11.6263,6.62488,Bengaluru,77.67,12.93,Bellandur,1,Monsoon,3,1,0,0,2019,7,22,22
105,21.9,100,82,86,100,2019-07-23 18:00:00,18.9,0.0,0.0,0.0,257.504,n,15,0.0625,904.322,86,1003.66,0,0,0.0,21.5,2019-07-23 23:30:00,2019-07-23T18:00:00,1563904800,0.0,24.135,804,Overcast clouds,c04n,WSW,west-southwest,251,13.6217,7.14533,Bengaluru,77.67,12.93,Bellandur,1,Monsoon,3,1,0,0,2019,7,23,23
106,21.7,100,58,55,100,2019-07-23 19:00:00,18.8,0.0,0.0,0.0,257.287,n,15,0.1875,903.898,86,1002.95,0,0,0.0,21.3,2019-07-24 00:30:00,2019-07-23T19:00:00,1563908400,0.0,23.4716,804,Overcast clouds,c04n,WSW,west-southwest,256,13.5079,7.48178,Bengaluru,77.67,12.93,Bellandur,1,Monsoon,3,2,0,0,2019,7,0,0
107,21.6,100,52,62,100,2019-07-23 20:00:00,18.6,0.0,0.0,0.0,257.641,n,15,0.1875,902.957,86,1002.11,0,0,0.0,21.2,2019-07-24 01:30:00,2019-07-23T20:00:00,1563912000,0.0,21.747,804,Overcast clouds,c04n,WSW,west-southwest,254,14.5017,7.94935,Bengaluru,77.67,12.93,Bellandur,1,Monsoon,3,2,0,0,2019,7,1,1
108,21.7,100,42,51,100,2019-07-23 21:00:00,18.6,0.0,0.0,0.0,258.418,n,0,0.0,902.387,85,1001.65,0,0,0.0,21.3,2019-07-24 02:30:00,2019-07-23T21:00:00,1563915600,0.0,24.1351,804,Overcast clouds,c04n,WSW,west-southwest,256,14.2237,8.0416,Bengaluru,77.67,12.93,Bellandur,1,Monsoon,3,2,0,0,2019,7,2,2
109,21.7,100,32,45,100,2019-07-23 22:00:00,18.4,0.0,0.0,0.0,259.064,n,15,0.0625,902.278,84,1001.58,0,0,0.0,21.4,2019-07-24 03:30:00,2019-07-23T22:00:00,1563919200,0.0,24.1349,804,Overcast clouds,c04n,WSW,west-southwest,253,14.9298,8.21351,Bengaluru,77.67,12.93,Bellandur,1,Monsoon,3,2,0,0,2019,7,3,3
110,21.4,100,25,44,100,2019-07-23 23:00:00,18.5,0.0,0.0,0.0,259.224,n,10,0.125,902.346,86,1001.82,0,0,0.0,21.0,2019-07-24 04:30:00,2019-07-23T23:00:00,1563922800,0.0,24.1351,804,Overcast clouds,c04n,WSW,west-southwest,253,14.5231,8.62624,Bengaluru,77.67,12.93,Bellandur,1,Monsoon,3,2,0,0,2019,7,4,4
111,21.4,100,21,42,100,2019-07-24 00:00:00,18.5,0.0,0.0,0.0,259.864,n,15,0.0625,902.46,86,1002.12,0,0,0.0,21.0,2019-07-24 05:30:00,2019-07-24T00:00:00,1563926400,0.0,24.1351,804,Overcast clouds,c04n,WSW,west-southwest,256,14.4198,8.19241,Bengaluru,77.67,12.93,Bellandur,1,Monsoon,3,2,0,0,2019,7,5,5
112,21.6,100,26,36,100,2019-07-24 01:00:00,18.6,34.63,310.14,54.53,260.765,d,15,0.0416667,903.037,85,1002.68,0,0,10.3607,21.2,2019-07-24 06:30:00,2019-07-24T01:00:00,1563930000,2.41026,24.1351,804,Overcast clouds,c04d,WSW,west-southwest,256,13.7525,7.77834,Bengaluru,77.67,12.93,Bellandur,1,Monsoon,3,2,0,0,2019,7,6,6
113,21.9,100,30,29,100,2019-07-24 02:00:00,18.7,72.17,652.6,280.67,261.665,d,15,0.0208333,903.614,84,1003.23,0,0,53.3273,21.5,2019-07-24 07:30:00,2019-07-24T02:00:00,1563933600,2.81274,24.1351,804,Overcast clouds,c04d,WSW,west-southwest,256,13.0852,7.36427,Bengaluru,77.67,12.93,Bellandur,1,Monsoon,3,2,0,0,2019,7,7,7
114,22.1,100,35,23,100,2019-07-24 03:00:00,18.8,93.39,792.17,522.21,262.566,d,0,0.0,904.191,84,1003.79,0,0,99.2199,21.7,2019-07-24 08:30:00,2019-07-24T03:00:00,1563937200,1.24392,24.1352,804,Overcast clouds,c04d,WSW,west-southwest,256,12.4178,6.9502,Bengaluru,77.67,12.93,Bellandur,1,Monsoon,3,2,0,0,2019,7,8,8
115,22.7,100,39,24,100,2019-07-24 04:00:00,18.8,107.26,867.82,739.44,261.504,d,0,0.0,904.334,81,1003.78,0,0,140.494,22.3,2019-07-24 09:30:00,2019-07-24T04:00:00,1563940800,6.40011,24.1352,804,Overcast clouds,c04d,WSW,west-southwest,254,11.8841,7.06313,Bengaluru,77.67,12.93,Bellandur,1,Monsoon,3,2,0,0,2019,7,9,9
116,23.2,100,42,26,99,2019-07-24 05:00:00,18.9,116.2,911.25,909.03,260.442,d,0,0.0,904.477,79,1003.77,0,0,227.258,22.8,2019-07-24 10:30:00,2019-07-24T05:00:00,1563944400,8.94748,24.1352,804,Overcast clouds,c04d,WSW,west-southwest,252,11.3505,7.17605,Bengaluru,77.67,12.93,Bellandur,1,Monsoon,3,2,0,0,2019,7,10,10
117,23.8,100,46,27,99,2019-07-24 06:00:00,18.9,121.19,933.9,1014.97,259.38,d,0,0.0,904.62,76,1003.75,0,0,253.742,23.4,2019-07-24 11:30:00,2019-07-24T06:00:00,1563948000,3.34677,24.1353,804,Overcast clouds,c04d,WSW,west-southwest,250,10.8168,7.28898,Bengaluru,77.67,12.93,Bellandur,1,Monsoon,3,2,0,0,2019,7,11,11
118,23.8,100,62,30,96,2019-07-24 07:00:00,18.9,122.66,940.35,1047.76,259.616,d,15,0.0208333,904.056,76,1002.99,0,0,261.94,23.4,2019-07-24 12:30:00,2019-07-24T07:00:00,1563951600,11.605,24.1351,804,Overcast clouds,c04d,WSW,west-southwest,252,10.8802,6.97244,Bengaluru,77.67,12.93,Bellandur,1,Monsoon,3,2,0,0,2019,7,12,12
119,23.8,100,78,32,94,2019-07-24 08:00:00,18.9,120.72,931.78,1004.51,259.851,d,15,0.0416667,903.491,76,1002.22,0,0,251.128,23.5,2019-07-24 13:30:00,2019-07-24T08:00:00,1563955200,10.7191,24.135,804,Overcast clouds,c04d,WSW,west-southwest,254,10.9437,6.65591,Bengaluru,77.67,12.93,Bellandur,1,Monsoon,3,2,0,0,2019,7,13,13
120,23.9,100,94,35,91,2019-07-24 09:00:00,18.9,115.21,906.62,889.0,260.087,d,15,0.0625,902.927,76,1001.45,0,0,222.25,23.5,2019-07-24 14:30:00,2019-07-24T09:00:00,1563958800,2.62673,24.1348,804,Overcast clouds,c04d,WSW,west-southwest,256,11.0072,6.33938,Bengaluru,77.67,12.93,Bellandur,1,Monsoon,3,2,0,0,2019,7,14,14
